keyword,volume_es,volume_es_latam,volume_us,competition,cpc_es,source
box breathing,390,890,49500,LOW,0.01,dataforseo_2026-09
ataque de ansiedad,6600,42300,2900,LOW,0.64,dataforseo_2026-09
ataque de pánico,3600,28900,1900,LOW,0.94,dataforseo_2026-09
como controlar la ansiedad,1900,14000,1900,MEDIUM,0.78,dataforseo_2026-09
controlar la ansiedad,1900,14000,1900,MEDIUM,0.78,dataforseo_2026-09
respiración diafragmática,3600,10600,320,LOW,0.59,dataforseo_2026-09
ejercicios de respiración,1000,7720,390,MEDIUM,0.36,dataforseo_2026-09
nadi shodhana,480,1230,2400,LOW,0,dataforseo_2026-09
respiración 4-7-8,1600,3340,140,LOW,1.31,dataforseo_2026-09
respiración consciente,880,2940,110,MEDIUM,0.12,dataforseo_2026-09
respiración profunda,590,2630,140,LOW,0.02,dataforseo_2026-09
respiración para dormir,720,2250,140,LOW,0.35,dataforseo_2026-09
respiración cuadrada,720,2050,70,LOW,0,dataforseo_2026-09
calmar la ansiedad,720,1930,110,MEDIUM,0.54,dataforseo_2026-09
cómo calmar la ansiedad,720,1930,110,MEDIUM,0.54,dataforseo_2026-09
ejercicios de respiración para la ansiedad,260,1720,110,LOW,0.35,dataforseo_2026-09
respiración abdominal,720,1670,40,LOW,0.81,dataforseo_2026-09
coherencia cardíaca,880,1400,30,LOW,0.72,dataforseo_2026-09
respiración para la ansiedad,590,1380,40,LOW,1.65,dataforseo_2026-09
nadi shodhana pranayama,210,470,880,LOW,0,dataforseo_2026-09
técnicas de respiración para la ansiedad,210,1180,40,LOW,1.35,dataforseo_2026-09
ejercicios para calmar la ansiedad,140,1040,70,MEDIUM,0.72,dataforseo_2026-09
ejercicios de respiración para dormir,140,790,70,LOW,0.53,dataforseo_2026-09
técnica militar para dormir,210,730,40,LOW,0.83,dataforseo_2026-09
ejercicios de respiración para relajarse,170,650,50,LOW,0.73,dataforseo_2026-09
respiración con labios fruncidos,90,590,20,LOW,0,dataforseo_2026-09
técnica 4-7-8,210,590,10,LOW,0,dataforseo_2026-09
técnica de respiración 4-7-8,70,420,20,LOW,0,dataforseo_2026-09
respiración para calmar la ansiedad,70,350,10,LOW,0,dataforseo_2026-09
ejercicios de relajación para la ansiedad,70,300,20,LOW,0.65,dataforseo_2026-09
técnica militar para dormir 4 7 8,110,260,20,LOW,0,dataforseo_2026-09
respiración de caja,30,240,30,LOW,0,dataforseo_2026-09
respiracion diafragmatica como se hace,170,220,20,LOW,0,dataforseo_2026-09
técnicas de relajación para la ansiedad,110,220,10,MEDIUM,0.76,dataforseo_2026-09
respiración para dormir rápido,70,210,10,LOW,0,dataforseo_2026-09
ejercicios de respiracion para el estres,20,190,30,LOW,0,dataforseo_2026-09
opresión en el pecho ansiedad,90,190,10,LOW,0.05,dataforseo_2026-09
respiración 4 7 8 beneficios,70,180,10,LOW,0,dataforseo_2026-09
respiracion profunda beneficios,30,160,30,LOW,0,dataforseo_2026-09
beneficios de la respiración profunda,20,120,20,LOW,0,dataforseo_2026-09
como calmar un ataque de ansiedad de otra persona,10,130,10,,0,dataforseo_2026-09
respiración para calmar los nervios,50,130,10,LOW,0,dataforseo_2026-09
suspiro fisiológico,70,120,10,LOW,0,dataforseo_2026-09
respiración diafragmática profunda,40,120,10,LOW,0,dataforseo_2026-09
respiración 4 7 8 cuantas veces,70,110,10,LOW,0,dataforseo_2026-09
ejercicios de respiración para calmar la ansiedad,20,110,10,MEDIUM,2.07,dataforseo_2026-09
10 beneficios de la respiración profunda,10,110,10,,0,dataforseo_2026-09
ejercicios de respiracion para bajar la ansiedad,10,100,20,HIGH,1.4,dataforseo_2026-09
respiración alterna,50,100,10,LOW,0,dataforseo_2026-09
respiración cuadrada beneficios,40,100,10,LOW,0,dataforseo_2026-09
ejercicios de respiración para relajarse y dormir,30,100,10,LOW,2.45,dataforseo_2026-09
sensación de ahogo ansiedad,50,90,10,LOW,0,dataforseo_2026-09
respiración para el estrés,20,90,10,LOW,0,dataforseo_2026-09
calmar ansiedad rápido,50,80,10,LOW,0.05,dataforseo_2026-09
método 4-7-8,30,80,10,LOW,0,dataforseo_2026-09
técnica 4 7 8 para dormir,30,80,10,LOW,0.38,dataforseo_2026-09
ejercicios de respiración para dormir ansiedad,20,70,10,LOW,0,dataforseo_2026-09
respiración cuadrada para que sirve,10,70,10,LOW,0,dataforseo_2026-09
siento que me falta el aire ansiedad,10,70,10,,0,dataforseo_2026-09
respiración 4 7 8 para dormir,20,60,10,LOW,0,dataforseo_2026-09
3 ejercicios de respiración para dormir,20,60,10,LOW,1.74,dataforseo_2026-09
nadi shodhana beneficios,20,60,10,LOW,0,dataforseo_2026-09
nadi shodhana como se hace,20,60,10,LOW,0,dataforseo_2026-09
tecnica de respiracion para calmar la ansiedad,10,60,10,LOW,2.79,dataforseo_2026-09
me falta el aire ansiedad,20,50,10,LOW,0,dataforseo_2026-09
nadi shodhana respiración alterna,20,50,10,LOW,0,dataforseo_2026-09
respiración 4 7 8 ansiedad,20,50,10,LOW,0.02,dataforseo_2026-09
respiración 4 7 8 guiada,20,50,10,LOW,0,dataforseo_2026-09
respiración alterna beneficios,20,50,10,LOW,0,dataforseo_2026-09
como calmar un ataque de ansiedad fuerte,10,50,10,LOW,0,dataforseo_2026-09
nadi shodhana significado,10,50,10,LOW,0,dataforseo_2026-09
respiracion profunda para el estres,10,50,10,LOW,0,dataforseo_2026-09
respiración 4 7 8 para el insomnio,10,50,10,MEDIUM,0.79,dataforseo_2026-09
respiración 4 7 8 para que sirve,10,50,10,LOW,0,dataforseo_2026-09
respiración cuadrada 4 4 4 4,10,50,10,LOW,0,dataforseo_2026-09
metodo 4 7 8 para dormir,20,50,10,LOW,0,dataforseo_2026-09
no puedo respirar ansiedad,10,40,10,LOW,0,dataforseo_2026-09
app para la ansiedad en español gratis,10,40,10,,0,dataforseo_2026-09
box breathing en español,10,40,10,LOW,0,dataforseo_2026-09
como calmar un ataque de ansiedad a distancia,10,40,10,,0,dataforseo_2026-09
como saber si me falta el aire por ansiedad,10,40,10,LOW,0,dataforseo_2026-09
como saber si no puedo respirar por ansiedad,10,40,10,,0,dataforseo_2026-09
cómo hacer la técnica 4-7-8 para dormir en un minuto,10,40,10,LOW,0,dataforseo_2026-09
ejercicio de respiracion para ataque de panico,10,40,10,,0,dataforseo_2026-09
ejercicios de respiracion antes de un examen,10,40,10,,0,dataforseo_2026-09
ejercicios de respiracion para disminuir la ansiedad,10,40,10,,0,dataforseo_2026-09
ejercicios de respiracion para dormir 4 7 8,10,40,10,LOW,0,dataforseo_2026-09
ejercicios de respiracion para la ansiedad y el estres,10,40,10,LOW,0,dataforseo_2026-09
ejercicios de respiración para dormir mejor,10,40,10,LOW,0,dataforseo_2026-09
ejercicios de respiración para dormir profundamente,10,40,10,,0,dataforseo_2026-09
ejercicios de respiración para dormir rápido,10,40,10,LOW,0,dataforseo_2026-09
ejercicios de respiración para poder dormir,10,40,10,LOW,0,dataforseo_2026-09
ejercicios de respiración profunda para la ansiedad,10,40,10,LOW,0,dataforseo_2026-09
hiperventilación como controlarla,10,40,10,LOW,0,dataforseo_2026-09
la ansiedad da sensacion de ahogo,10,40,10,LOW,0,dataforseo_2026-09
metodo de respiracion para calmar la ansiedad,10,40,10,,0,dataforseo_2026-09
nadi shodhana respiración,10,40,10,,0,dataforseo_2026-09
no puedo respirar bien ansiedad,10,40,10,,0,dataforseo_2026-09
no puedo respirar profundo ansiedad,10,40,10,,0,dataforseo_2026-09
opresión en el pecho por ansiedad que hacer,10,40,10,LOW,0,dataforseo_2026-09
que hacer cuando tienes crisis de ansiedad,10,40,10,HIGH,0.88,dataforseo_2026-09
que hacer en una crisis de ansiedad muy fuerte,10,40,10,MEDIUM,0.76,dataforseo_2026-09
respiracion 4 7 8 andrew weil,10,40,10,,0,dataforseo_2026-09
respiracion 4 7 8 dormir,10,40,10,LOW,0,dataforseo_2026-09
respiracion cuadrada ansiedad,10,40,10,LOW,0,dataforseo_2026-09
respiracion cuadrada como se hace,10,40,10,LOW,0,dataforseo_2026-09
respiracion diafragmatica bebes,10,40,10,LOW,0,dataforseo_2026-09
respiracion diafragmatica y abdominal,10,40,10,LOW,0,dataforseo_2026-09
respiracion militar para dormir rapido,10,40,10,LOW,0,dataforseo_2026-09
respiracion para bajar el estres,10,40,10,,0,dataforseo_2026-09
respiracion para el estres y ansiedad,10,40,10,,0,dataforseo_2026-09
respiración cuadrada para dormir,10,40,10,LOW,0,dataforseo_2026-09
respiración cuadrada pranayama,10,40,10,LOW,0,dataforseo_2026-09
respiración guiada para calmar la ansiedad,10,40,10,MEDIUM,0,dataforseo_2026-09
respiración labios fruncidos para que sirve,10,40,10,LOW,0,dataforseo_2026-09
respiración para calmar la ansiedad rápidamente,10,40,10,LOW,0,dataforseo_2026-09
sensacion de ahogo por ansiedad generalizada,10,40,10,LOW,0,dataforseo_2026-09
sensación de ahogo en la garganta ansiedad,10,40,10,LOW,0,dataforseo_2026-09
siento que no puedo respirar ansiedad,10,40,10,,0,dataforseo_2026-09
tecnica 4 7 8 para dormir en un minuto,10,40,10,LOW,0,dataforseo_2026-09
tecnica de relajacion para dormir 4 7 8,10,40,10,LOW,0,dataforseo_2026-09
tecnica de respiracion para dormir 4 7 8,10,40,10,LOW,0,dataforseo_2026-09
tecnica respiracion para dormir rapido,10,40,10,LOW,0,dataforseo_2026-09
tecnicas de respiracion para calmar la ansiedad,10,40,10,LOW,0,dataforseo_2026-09
tipos de respiración para calmar la ansiedad,10,40,10,,0,dataforseo_2026-09
respiración para la ansiedad y el estrés,10,40,10,LOW,0,dataforseo_2026-09
respiración diafragmática para la ansiedad,10,40,10,MEDIUM,0.02,dataforseo_2026-09
ejercicios de respiracion para el estres y la ansiedad,10,30,10,LOW,0,dataforseo_2026-09
la técnica 4 7 8 para dormir rápido,10,40,0,,0,dataforseo_2026-09
me falta el aire puede ser ansiedad,10,40,0,LOW,0,dataforseo_2026-09
nadi shodhana contraindicaciones,10,40,0,LOW,0,dataforseo_2026-09
respiracion diafragmatica o toracica,10,40,0,LOW,0,dataforseo_2026-09
respiracion diafragmatica para el estres,10,40,0,,0,dataforseo_2026-09
respiración cuadrada guiada,10,40,0,LOW,0,dataforseo_2026-09
sensacion de ahogo y tos ansiedad,10,40,0,LOW,0,dataforseo_2026-09
tecnicas de relajacion respiración para la ansiedad,10,40,0,,0,dataforseo_2026-09
técnicas de respiración para la ansiedad psicología,10,40,0,,0,dataforseo_2026-09
ansiedad y sensacion de ahogo constante,10,30,0,LOW,0,dataforseo_2026-09
despertarse bruscamente con sensación de ahogo ansiedad,10,20,10,LOW,0,dataforseo_2026-09
ejercicios de respiracion para la ansiedad guiada,10,30,0,MEDIUM,0,dataforseo_2026-09
porque me falta el aire ansiedad,10,30,0,LOW,0,dataforseo_2026-09
